"","image","configuration","price","date"
"1","","Scratchgard Universal Watch Screen Protector Anti-Bubble and Anti-Fingerprint PET Film (0.1mm) Screen Guard for 32mm Round Smartwatch (32mm is Exact Size of Protector)","ScratchgardScratchgard Universal Watch Screen Protector Anti-Bubble and Anti-Fingerprint PET Film (0.1mm) Screen Guard for 32mm Round Smartwatch (32mm is Exact Size of Protector)  ","Friday, 17 November"
"2","","32mm Genuine Leather Brown With Brown Stich Watch Band Strap for Men and Women | Comfortable and Durable Material | Silver Buckle","Ewatchaccessories32mm Genuine Leather Brown With Brown Stich Watch Band Strap for Men and Women | Comfortable and Durable Material | Silver Buckle  ","Thursday, 16 November"
"3","","PCEDS-01'' Leather Watch Strap // Compatible With ''POLICE'' Watches Only","DBLACKPCEDS-01'' Leather Watch Strap // Compatible With ''POLICE'' Watches Only  ","Wednesday, 15 November"
"4","","Analog Black Dial Men's Watch-32-BK-CK","PIRASOAnalog Black Dial Men's Watch-32-BK-CK  ","Wednesday, 15 November"
"5","","Zelvi 32 In 1 Small Screwdriver Set,Mini Magnetic Screwdriver Set Contains 30 Bits Precision Repair Tool Kit,Torx Screwdriver Tool Sets For Eyeglass,Watch,Phones,Laptop,Computers,Toys,Multicolour","ZelviZelvi 32 In 1 Small Screwdriver Set,Mini Magnetic Screwdriver Set Contains 30 Bits Precision Repair Tool Kit,Torx Screwdriver Tool Sets For Eyeglass,Watch,Phones,Laptop,Computers,Toys,Multicolour  ","Wednesday, 15 November"
"6","","Iconic Watch 32mm Stainless Steel (316L) Rose Gold","Daniel WellingtonIconic Watch 32mm Stainless Steel (316L) Rose Gold  ","Saturday, 11 November"
"7","","Combo of Black Dial Watch & Brown Wallet for Men- CM-3058WL-32","LORENZCombo of Black Dial Watch & Brown Wallet for Men- CM-3058WL-32  ","Saturday, 11 November"
"8","","18mm 20mm 22mm 24mm 26mm 28mm 30mm 32mm Genuine Leather Black Brown Light Brown Blue Silver Rose Yellow Golden Silver Buckle Clasp Watch Band Strap for Men and Women","Ewatchaccessories18mm 20mm 22mm 24mm 26mm 28mm 30mm 32mm Genuine Leather Black Brown Light Brown Blue Silver Rose Yellow Golden Silver Buckle Clasp Watch Band Strap for Men and Women  ","Thursday, 16 November"
"9","","Times Black Watch in - (Matte Chain) for Men's & Boys -32-BK-CK-Matte","PIRASOTimes Black Watch in - (Matte Chain) for Men's & Boys -32-BK-CK-Matte  ","Wednesday, 15 November"
"10","","Scratchgard Watch Screen Protector Anti-Bubble and Anti-Fingerprint PET Film (0.1mm) Screen Guard for SEIKO LORD-SRWO3OP Analog Watch (32mm is Exact Size of Protector)","ScratchgardScratchgard Watch Screen Protector Anti-Bubble and Anti-Fingerprint PET Film (0.1mm) Screen Guard for SEIKO LORD-SRWO3OP Analog Watch (32mm is Exact Size of Protector)  ","Friday, 17 November"
"11","","Replacement 32mm 34mm Black Brown Tan White Genuine Leather Watch Band Strap With Silver Buckle","EwatchaccessoriesReplacement 32mm 34mm Black Brown Tan White Genuine Leather Watch Band Strap With Silver Buckle  ","Thursday, 16 November"
"12","","Branded Luxury Analogue Automatic Watch for Men at Amazing Price Watches-F_32","NEWNESTBranded Luxury Analogue Automatic Watch for Men at Amazing Price Watches-F_32  ","Wednesday, 15 November"
"13","","32mm Genuine Leather Tan With Tan Stich Watch Band Strap for Men and Women | Comfortable and Durable Material | Silver Buckle","Ewatchaccessories32mm Genuine Leather Tan With Tan Stich Watch Band Strap for Men and Women | Comfortable and Durable Material | Silver Buckle  ","Thursday, 16 November"
"14","","Petite Unitone Silver Mesh Strap Silver Dial Watch","Daniel WellingtonPetite Unitone Silver Mesh Strap Silver Dial Watch  ","Tuesday, 14 November"
"15","","UN32RGMERORB Unika Watch for Women - 32mm","NordgreenUN32RGMERORB Unika Watch for Women - 32mm  ","Wednesday, 15 November"
"16","","De’rons Plastic Quartz Wall Clock Round Non-Ticking Watch for Home, Kitchen, Bedroom, Living Room, Office (32 x 4.5 x 32 cm, White Ring, DC-301)","De'ronsDe’rons Plastic Quartz Wall Clock Round Non-Ticking Watch for Home, Kitchen, Bedroom, Living Room, Office (32 x 4.5 x 32 cm, White Ring, DC-301)  ","Tuesday, 14 November"
"17","","Leather Watch Strap // Compatible With ''POLICE'' Watches Only","ExelentLeather Watch Strap // Compatible With ''POLICE'' Watches Only  ","Tuesday, 14 November"
"18","","8mm 10mm 12mm 14mm 16mm 18mm 20mm 22mm 24mm 26mm 28mm 30mm 32mm watch pin stainless steel spring bar pack of 4 (choose size)","Generic8mm 10mm 12mm 14mm 16mm 18mm 20mm 22mm 24mm 26mm 28mm 30mm 32mm watch pin stainless steel spring bar pack of 4 (choose size)  ","Thursday, 16 November"
"19","","32mm watch pin stainless steel spring bar pack of 4","Generic32mm watch pin stainless steel spring bar pack of 4  ","Thursday, 16 November"
"20","","Iconic Link Mint Green Dial Silver Watch","Daniel WellingtonIconic Link Mint Green Dial Silver Watch  ","Wednesday, 15 November"
"21","","PU Band Analog Watch for Mens and Boys (5007-9)","SponsoredSponsored You are seeing this ad based on the product’s relevance to your search query.Let us know  PAPIOPU Band Analog Watch for Mens and Boys (5007-9)  ","Wednesday, 15 November"
"22","","Analog Digital Sports Multi Functional Dual Time Black Dial Watch for Mens Boys -SK04","SponsoredSponsored You are seeing this ad based on the product’s relevance to your search query.Let us know  ShocknshopAnalog Digital Sports Multi Functional Dual Time Black Dial Watch for Mens Boys -SK04  ","Tomorrow, 10 November"
"23","","Premium Leather Analogue Watch for Men Combo Pack of 2 Gift Arrival Black Brown","SponsoredSponsored You are seeing this ad based on the product’s relevance to your search query.Let us know  AcnosPremium Leather Analogue Watch for Men Combo Pack of 2 Gift Arrival Black Brown  ","Wednesday, 15 November"
"24","","Silver Color Metal Band Boys Analog Watch for Men (MN-171-To-177)","SponsoredSponsored You are seeing this ad based on the product’s relevance to your search query.Let us know  PAPIOSilver Color Metal Band Boys Analog Watch for Men (MN-171-To-177)  ","Wednesday, 15 November"
"25","","Vibez by Lifelong Urbane Smartwatch with 3D UI 1.32""HD Display|24x7 Heart Rate & Blood Oxygen Tracking|8 Sports Mode|Sleep Monitor|IP67 Waterproof|7 days Battery Backup(1 Year Manufacturer Warranty, VBSWM360, Black)","VibezVibez by Lifelong Urbane Smartwatch with 3D UI 1.32""HD Display|24x7 Heart Rate & Blood Oxygen Tracking|8 Sports Mode|Sleep Monitor|IP67 Waterproof|7 days Battery Backup(1 Year Manufacturer Warranty, VBSWM360, Black)  ","Tomorrow, 10 November"
"26","","VALSH Edge To Edge Full Screen Coverage Screen Protector Fire Boltt Talk 2 round 32mm [Anti Bubble] Smartwatch Screen Guard","VALSHVALSH Edge To Edge Full Screen Coverage Screen Protector Fire Boltt Talk 2 round 32mm [Anti Bubble] Smartwatch Screen Guard  ","Wednesday, 15 November"
"27","","22mm 24mm 26mm 28mm 30mm 32mm 34mm 36mm Black Dark Brown Light Brown Genuine Leather Replacement Watch Band Strap","EWatchAccessories22mm 24mm 26mm 28mm 30mm 32mm 34mm 36mm Black Dark Brown Light Brown Genuine Leather Replacement Watch Band Strap  ","Thursday, 16 November"
"28","","18mm 20mm 22mm 24mm 26mm 28mm 30mm 32mm Rubber Black with Watch Band Strap Keeper Buckle Holder Retainer Fastner Ring Hoop for Men and Women","EwatchAccessories18mm 20mm 22mm 24mm 26mm 28mm 30mm 32mm Rubber Black with Watch Band Strap Keeper Buckle Holder Retainer Fastner Ring Hoop for Men and Women  ","Thursday, 16 November"
"29","","Golvi® 1.28 inch Smart Watch Screen Guard for Fire Boltt Talk 2 32mm Screen Protector Flexible TPU - Bubble-Free [Only Screen Guard] (PACK OF 2)","GolviGolvi® 1.28 inch Smart Watch Screen Guard for Fire Boltt Talk 2 32mm Screen Protector Flexible TPU - Bubble-Free [Only Screen Guard] (PACK OF 2)  ","Wednesday, 15 November"
"30","","PAYYC Screwdriver set, Magnetic screwdriver, precision screwdriver set with extension rod, 32 in 1 precision screwdriver set, replaceable screwdriver bit, for camera/toy/PC/laptop/watch/etc.","JAMUNESH ENTERPRISEPAYYC Screwdriver set, Magnetic screwdriver, precision screwdriver set with extension rod, 32 in 1 precision screwdriver set, replaceable screwdriver bit, for camera/toy/PC/laptop/watch/etc.  ","Wednesday, 15 November"
"31","","32mm Genuine Leather Black With Black Stich Watch Band Strap for Men and Women | Comfortable and Durable Material | Silver Buckle","Ewatchaccessories32mm Genuine Leather Black With Black Stich Watch Band Strap for Men and Women | Comfortable and Durable Material | Silver Buckle  ","Thursday, 16 November"
"32","","Golvi® 1.28 inch Smart Watch Screen Guard for Fire Boltt Talk 2 32mm Screen Protector Flexible TPU - Bubble-Free [Only Screen Guard] (PACK OF 2)","GolviGolvi® 1.28 inch Smart Watch Screen Guard for Fire Boltt Talk 2 32mm Screen Protector Flexible TPU - Bubble-Free [Only Screen Guard] (PACK OF 2)  ","Tuesday, 14 November"
"33","","DDLC Wrist Watch Security Camera Audio Video Recording Series 2, While Recording no Light Flashes. Wrist Watch Camera Inbuild 32GB Memory.","DDLCDDLC Wrist Watch Security Camera Audio Video Recording Series 2, While Recording no Light Flashes. Wrist Watch Camera Inbuild 32GB Memory.  ","Wednesday, 15 November"
"34","","Smart Watch Strap Compatible withBeat Xp Neo Smart Watch - Printed Soft Silicone Strap - (Multi Color) - 32","MELFOSmart Watch Strap Compatible withBeat Xp Neo Smart Watch - Printed Soft Silicone Strap - (Multi Color) - 32  ","Thursday, 16 November"
"35","","Fullmosa Compatible Apple Watch Bands 49mm 45mm 44mm 42mm 41mm 40mm 38mm, Stainless Steel iWatch Band with Case Metal Strap for Apple Watch Series Ultra 9 8 7 6 5 4 3 2 1 SE,32mm 44mm 46mm Black","FullmosaFullmosa Compatible Apple Watch Bands 49mm 45mm 44mm 42mm 41mm 40mm 38mm, Stainless Steel iWatch Band with Case Metal Strap for Apple Watch Series Ultra 9 8 7 6 5 4 3 2 1 SE,32mm 44mm 46mm Black  ","Saturday, 11 November"
"36","","ZenX DZ09 Original 4G Sim Watch, 1.54"" HD Display, Camera, Upto 32GB Storage Smartwatch","GenericZenX DZ09 Original 4G Sim Watch, 1.54"" HD Display, Camera, Upto 32GB Storage Smartwatch  ","Thursday, 16 November"
"37","","Screen Protector for FOSSIL Garrett HR (32mm) Smart Watch Screen Guard, Full Screen Coverage Protect From Scratches(Pack of 2)","GenericScreen Protector for FOSSIL Garrett HR (32mm) Smart Watch Screen Guard, Full Screen Coverage Protect From Scratches(Pack of 2)  ","Wednesday, 15 November"
"38","","UN32RGCHROBM Unika Analog Watch for Women - 32mm","NordgreenUN32RGCHROBM Unika Analog Watch for Women - 32mm  ","Wednesday, 15 November"
"39","","VALSH® 1.28 inch Smart Watch Screen Guard for Fire Boltt Talk 2 32mm Screen Protector Flexible TPU - Bubble-Free [Only Screen Guard] (PACK OF 2)","VALSHVALSH® 1.28 inch Smart Watch Screen Guard for Fire Boltt Talk 2 32mm Screen Protector Flexible TPU - Bubble-Free [Only Screen Guard] (PACK OF 2)  ","Wednesday, 15 November"
"40","","CDS14'' 22MM Resin Watch Strap (Black) // Suitable For CASIO DBC-32 Data Bank Watch Only","DBLACKCDS14'' 22MM Resin Watch Strap (Black) // Suitable For CASIO DBC-32 Data Bank Watch Only  ","Wednesday, 15 November"
"41","","Analogue - Digital Men's Watch (Black Dial Black Colored Strap)","TIMEWEARAnalogue - Digital Men's Watch (Black Dial Black Colored Strap)  ","Tuesday, 14 November"
"42","","VALSH® 1.28 inch Smart Watch Screen Guard for Fire Boltt Talk 2 32mm Screen Protector Flexible TPU - Bubble-Free [Only Screen Guard] (PACK OF 2)","VALSHVALSH® 1.28 inch Smart Watch Screen Guard for Fire Boltt Talk 2 32mm Screen Protector Flexible TPU - Bubble-Free [Only Screen Guard] (PACK OF 2)  ","Tuesday, 14 November"
"43","","Terrace Collection 3 Hands Womens Analog Red Dial Coloured Quartz Watch, Round Dial with 32 mm Case Width - GW0435L1","GUESSTerrace Collection 3 Hands Womens Analog Red Dial Coloured Quartz Watch, Round Dial with 32 mm Case Width - GW0435L1  ","Wednesday, 15 November"
"44","","Iconic Link Unitone Rose Gold 32mm Women's Watch","Daniel WellingtonIconic Link Unitone Rose Gold 32mm Women's Watch  ","Tuesday, 14 November"
"45","","Golvi® 1.28 inch Smart Watch Screen Guard for Fire Boltt Talk 2 32mm Screen Protector Flexible TPU - Bubble-Free [Only Screen Guard] (PACK OF 2)","GolviGolvi® 1.28 inch Smart Watch Screen Guard for Fire Boltt Talk 2 32mm Screen Protector Flexible TPU - Bubble-Free [Only Screen Guard] (PACK OF 2)  ","Wednesday, 15 November"
"46","","Petite Sterling 32mm Mesh Strap Black Dial Watch for Women","Daniel WellingtonPetite Sterling 32mm Mesh Strap Black Dial Watch for Women  ","Tuesday, 14 November"
"47","","Analogue Watch","Analogue Watch  ","Tuesday, 14 November"
"48","","Ameraempire Peacock Wall Clocks Wooden Abstract Wall Clock Office Home Decor Watch (32 cm x 32 cm x 3.5 cm)","AmeraempireAmeraempire Peacock Wall Clocks Wooden Abstract Wall Clock Office Home Decor Watch (32 cm x 32 cm x 3.5 cm)  ","Wednesday, 15 November"
"49","","Vibez by Lifelong Urbane Smartwatch with 3D UI 1.32""HD Display|24x7 Heart Rate & Blood Oxygen Tracking|8 Sports Mode|Sleep Monitor|IP67 Waterproof|7 days Battery Backup(VBSWM36, 1 Year Manufacturer Warranty, Silver)","VibezVibez by Lifelong Urbane Smartwatch with 3D UI 1.32""HD Display|24x7 Heart Rate & Blood Oxygen Tracking|8 Sports Mode|Sleep Monitor|IP67 Waterproof|7 days Battery Backup(VBSWM36, 1 Year Manufacturer Warranty, Silver)  ","Tomorrow, 10 November"
"50","","Fullmosa Compatible Apple Watch Bands 49mm 45mm 44mm 42mm 41mm 40mm 38mm, Stainless Steel iWatch Band with Case Metal Strap for Apple Watch Series Ultra 9 8 7 6 5 4 3 2 1 SE,32mm 44mm 48mm Rose Gold","FullmosaFullmosa Compatible Apple Watch Bands 49mm 45mm 44mm 42mm 41mm 40mm 38mm, Stainless Steel iWatch Band with Case Metal Strap for Apple Watch Series Ultra 9 8 7 6 5 4 3 2 1 SE,32mm 44mm 48mm Rose Gold  ","Saturday, 11 November"
"51","","Day & Date Feature Analogue Men Watch (Silver Dial Silver Colored Chain)","jainxDay & Date Feature Analogue Men Watch (Silver Dial Silver Colored Chain)  ","Wednesday, 15 November"
"52","","Patio Women's Watch","Joker & WitchPatio Women's Watch  ","Saturday, 18 November"
"53","","Analog Black Dial Men's Watch-TW000L521","SponsoredSponsored You are seeing this ad based on the product’s relevance to your search query.Let us know  TIMEXAnalog Black Dial Men's Watch-TW000L521  ","Wednesday, 15 November"
"54","","3 Hands Men's Analog Black Dial Coloured Quartz Watch, Square Dial with 45 mm Case Width - TW2V35600UJ","SponsoredSponsored You are seeing this ad based on the product’s relevance to your search query.Let us know  TIMEX3 Hands Men's Analog Black Dial Coloured Quartz Watch, Square Dial with 45 mm Case Width - TW2V35600UJ  ","Saturday, 11 November"
"55","","Analog Green Dial Women's Watch-TWEL13907","SponsoredSponsored You are seeing this ad based on the product’s relevance to your search query.Let us know  TIMEXAnalog Green Dial Women's Watch-TWEL13907  ","Wednesday, 15 November"
"56","","TB Urban Collection Men's Analog Blue Dial Coloured Quartz Watch, Round Dial with 41 Case Width - BKPDPS3019I","SponsoredSponsored You are seeing this ad based on the product’s relevance to your search query.Let us know  Ted BakerTB Urban Collection Men's Analog Blue Dial Coloured Quartz Watch, Round Dial with 41 Case Width - BKPDPS3019I  ","Wednesday, 15 November"
"57","","Iconic Link Emerald Analog Green Dial Men's Watch-DW00100427","SponsoredSponsored You are seeing this ad based on the product’s relevance to your search query.Let us know  Daniel WellingtonIconic Link Emerald Analog Green Dial Men's Watch-DW00100427  ","Tuesday, 14 November"
"58","","All Black Stainless Steel Strap Stylish Analog Watch for Men","SponsoredSponsored You are seeing this ad based on the product’s relevance to your search query.Let us know  SWADESI STUFFAll Black Stainless Steel Strap Stylish Analog Watch for Men  ","Saturday, 11 November"
"59","","Analog Day Date Functioning Stainless Steel Chain Watch for Men","SponsoredSponsored You are seeing this ad based on the product’s relevance to your search query.Let us know  TIMEWEARAnalog Day Date Functioning Stainless Steel Chain Watch for Men  ","Tuesday, 14 November"
"60","","Digital Military Sports Multifunctional Black Dial Wrist Watch for Men Boys -WCH82","SponsoredSponsored You are seeing this ad based on the product’s relevance to your search query.Let us know  ShocknshopDigital Military Sports Multifunctional Black Dial Wrist Watch for Men Boys -WCH82  ","Tomorrow, 10 November"
